date,unemployment,inflation,charge_off_rate
1985-01-01,7.233,3.641,0.82
1985-04-01,7.3,3.607,0.97
1985-07-01,7.2,3.352,1.15
1985-10-01,7.033,3.514,1.28
1986-01-01,7.033,3.105,1.35
1986-04-01,7.167,1.679,1.42
1986-07-01,6.967,1.668,1.49
1986-10-01,6.833,1.346,1.49
1987-01-01,6.6,2.038,1.47
1987-04-01,6.267,3.699,1.47
1987-07-01,6.0,4.163,1.43
1987-10-01,5.833,4.406,1.49
1988-01-01,5.7,3.965,1.45
1988-04-01,5.467,3.98,1.47
1988-07-01,5.467,4.142,1.52
1988-10-01,5.333,4.306,1.46
1989-01-01,5.2,4.675,1.57
1989-04-01,5.233,5.16,1.55
1989-07-01,5.233,4.706,1.54
1989-10-01,5.367,4.627,1.64
1990-01-01,5.3,5.233,1.65
1990-04-01,5.333,4.583,1.72
1990-07-01,5.7,5.564,1.83
1990-10-01,6.133,6.276,1.97
1991-01-01,6.6,5.259,2.2
1991-04-01,6.833,4.847,2.33
1991-07-01,6.867,3.852,2.4
1991-10-01,7.1,2.965,2.28
1992-01-01,7.367,2.894,2.39
1992-04-01,7.6,3.074,2.27
1992-07-01,7.633,3.075,2.1
1992-10-01,7.367,3.122,2.07
1993-01-01,7.133,3.173,1.84
1993-04-01,7.067,3.125,1.82
1993-07-01,6.8,2.817,1.72
1993-10-01,6.633,2.769,1.56
1994-01-01,6.567,2.54,1.49
1994-04-01,6.2,2.383,1.42
1994-07-01,6.0,2.855,1.41
1994-10-01,5.633,2.603,1.47
1995-01-01,5.467,2.84,1.44
1995-04-01,5.667,3.095,1.63
1995-07-01,5.667,2.664,1.82
1995-10-01,5.567,2.626,1.99
1996-01-01,5.533,2.784,2.14
1996-04-01,5.5,2.827,2.26
1996-07-01,5.267,2.9,2.33
1996-10-01,5.333,3.231,2.4
1997-01-01,5.233,2.945,2.56
1997-04-01,5.0,2.302,2.77
1997-07-01,4.867,2.225,2.79
1997-10-01,4.667,1.891,2.68
1998-01-01,4.633,1.483,2.63
1998-04-01,4.4,1.583,2.64
1998-07-01,4.533,1.596,2.57
1998-10-01,4.433,1.526,2.5
1999-01-01,4.3,1.687,2.4
1999-04-01,4.267,2.112,2.12
1999-07-01,4.233,2.346,2.26
1999-10-01,4.067,2.62,2.2
2000-01-01,4.033,3.258,2.23
2000-04-01,3.933,3.294,2.14
2000-07-01,4.0,3.469,2.19
2000-10-01,3.9,3.443,2.67
2001-01-01,4.233,3.41,2.35
2001-04-01,4.4,3.325,2.62
2001-07-01,4.833,2.678,2.79
2001-10-01,5.5,1.875,3.12
2002-01-01,5.7,1.232,3.6
2002-04-01,5.833,1.317,3.1
2002-07-01,5.733,1.576,3.12
2002-10-01,5.867,2.254,2.81
2003-01-01,5.867,2.976,2.84
2003-04-01,6.133,2.006,3.03
2003-07-01,6.133,2.217,2.79
2003-10-01,5.833,2.002,2.86
2004-01-01,5.7,1.818,2.73
2004-04-01,5.6,2.786,2.76
2004-07-01,5.433,2.675,2.51
2004-10-01,5.433,3.385,2.64
2005-01-01,5.3,3.035,2.49
2005-04-01,5.1,2.923,2.41
2005-07-01,4.967,3.82,3.02
2005-10-01,4.967,3.675,3.04
2006-01-01,4.733,3.691,1.77
2006-04-01,4.633,3.924,1.92
2006-07-01,4.633,3.34,2.2
2006-10-01,4.433,1.965,2.14
2007-01-01,4.5,2.432,2.35
2007-04-01,4.5,2.665,2.32
2007-07-01,4.667,2.349,2.45
2007-10-01,4.8,4.031,2.8
2008-01-01,5.0,4.137,2.95
2008-04-01,5.333,4.31,3.26
2008-07-01,6.0,5.253,3.7
2008-10-01,6.867,1.596,4.28
2009-01-01,8.267,-0.184,4.76
2009-04-01,9.3,-0.942,5.58
2009-07-01,9.633,-1.607,5.92
2009-10-01,9.933,1.488,5.75
2010-01-01,9.833,2.353,6.6
2010-04-01,9.633,1.775,6.56
2010-07-01,9.467,1.203,5.48
2010-10-01,9.5,1.23,4.91
2011-01-01,9.033,2.148,4.39
2011-04-01,9.067,3.346,3.43
2011-07-01,9.0,3.716,3.67
2011-10-01,8.633,3.345,2.97
2012-01-01,8.267,2.829,2.63
2012-04-01,8.2,1.888,2.53
2012-07-01,8.033,1.685,2.52
2012-10-01,7.8,1.904,2.45
2013-01-01,7.733,1.74,2.3
2013-04-01,7.533,1.415,2.15
2013-07-01,7.233,1.505,2.13
2013-10-01,6.933,1.207,2.09
2014-01-01,6.667,1.43,2.0
2014-04-01,6.2,2.08,2.0
2014-07-01,6.067,1.791,1.88
2014-10-01,5.7,1.164,1.82
2015-01-01,5.533,-0.113,1.75
2015-04-01,5.433,0.037,1.74
2015-07-01,5.1,0.159,1.75
2015-10-01,5.033,0.4,1.77
2016-01-01,4.9,0.992,1.83
2016-04-01,4.933,1.11,1.82
2016-07-01,4.9,1.157,1.88
2016-10-01,4.767,1.807,2.11
2017-01-01,4.567,2.587,2.19
2017-04-01,4.367,1.891,2.1
2017-07-01,4.333,1.945,2.21
2017-10-01,4.167,2.108,2.23
2018-01-01,4.033,2.249,2.22
2018-04-01,3.933,2.687,2.23
2018-07-01,3.767,2.609,2.28
2018-10-01,3.833,2.214,2.25
2019-01-01,3.867,1.63,2.24
2019-04-01,3.633,1.822,2.25
2019-07-01,3.6,1.749,2.36
2019-10-01,3.6,2.049,2.3
2020-01-01,3.833,2.144,2.28
2020-04-01,13.0,0.409,2.25
2020-07-01,8.8,1.223,1.97
2020-10-01,6.767,1.242,1.5
2021-01-01,6.233,1.903,1.53
2021-04-01,5.933,4.783,1.22
2021-07-01,5.067,5.25,0.97
2021-10-01,4.167,6.771,0.91
2022-01-01,3.867,8.024,1.0
2022-04-01,3.633,8.585,1.08
2022-07-01,3.533,8.292,1.32
2022-10-01,3.567,7.092,1.63
2023-01-01,3.533,5.73,1.77
2023-04-01,3.533,4.044,2.07
2023-07-01,3.633,3.566,2.39
2023-10-01,3.8,3.233,2.63
2024-01-01,3.833,3.244,2.8
2024-04-01,3.967,3.192,2.92
2024-07-01,4.167,2.658,3.0
2024-10-01,4.133,2.723,2.97
2025-01-01,4.133,2.724,3.0
2025-04-01,4.2,2.461,2.87
2025-07-01,4.333,2.901,2.88
2025-10-01,4.45,2.736,2.8
2026-01-01,4.333,2.704,2.65
2026-04-01,4.267,3.803,2.66
