h,variable,model,rmse,rel_rmse_vs_rw,coverage_90,dm_stat,dm_p
1,inflation,BVAR(2),0.825615266729505,0.9726188136658793,0.8571428571428571,-0.8981764780298002,0.36909147150488275
1,inflation,Random walk,0.8488580059619596,1.0,0.8380952380952381,,
1,inflation,VAR(2),0.9651186043929079,1.1369611850443668,0.8571428571428571,0.747368305472126,0.4548412716326311
1,unemployment,BVAR(2),1.0631134215314741,1.012550088541865,0.8571428571428571,0.6002581132296172,0.5483342294646303
1,unemployment,Random walk,1.049936623937709,1.0,0.8761904761904762,,
1,unemployment,VAR(2),1.5713743405273308,1.496637325245412,0.8380952380952381,0.9911484413601508,0.3216131021574573
4,inflation,BVAR(2),1.8113923934865968,0.889227735547424,0.7549019607843137,-1.6153714371933425,0.10623028186085315
4,inflation,Random walk,2.037039917981722,1.0,0.803921568627451,,
4,inflation,VAR(2),2.4812738883280994,1.218078186109637,0.7549019607843137,0.7991418917679287,0.4242081412086145
4,unemployment,BVAR(2),1.676103414907161,0.9681634818009051,0.7254901960784313,-0.8187690307756957,0.41291820325101436
4,unemployment,Random walk,1.7312194132641723,1.0,0.8235294117647058,,
4,unemployment,VAR(2),3.4350232833398184,1.9841640274026071,0.7745098039215687,1.0097702599091534,0.31260537179450276
